epoch,lr-Adam,step,test_accuracy,test_loss,val_accuracy,val_loss
,0.001,0,,,,
0,,399,,,0.783660888671875,0.470085084438324
,0.001,400,,,,
1,,799,,,0.7867431640625,0.4597086012363434
,0.001,800,,,,
2,,1199,,,0.823638916015625,0.43951770663261414
,0.001,1200,,,,
3,,1599,,,0.785797119140625,0.49577972292900085
,0.001,1600,,,,
4,,1999,,,0.78741455078125,0.45920729637145996
5,,2000,0.768798828125,0.5934484601020813,,
