epoch,lr-Adam,step,val_accuracy,val_loss
,0.001,0,,
0,,199,0.78070068359375,0.47193753719329834
,0.001,200,,
1,,399,0.767974853515625,0.49844521284103394
,0.001,400,,
2,,599,0.78289794921875,0.47061285376548767
,0.001,600,,
3,,799,0.78509521484375,0.47417500615119934
,0.001,800,,
4,,999,0.806396484375,0.46448230743408203
