epoch,lr-Adam,step,test_accuracy,test_loss,val_accuracy,val_loss
,0.001,0,,,,
0,,399,,,0.753753662109375,0.4908100962638855
,0.001,400,,,,
1,,799,,,0.755767822265625,0.6422837376594543
,0.001,800,,,,
2,,1199,,,0.75677490234375,0.5221173763275146
,0.001,1200,,,,
3,,1599,,,0.75482177734375,0.5049034357070923
,0.001,1600,,,,
4,,1999,,,0.7587890625,0.5514023303985596
5,,2000,0.745269775390625,0.5273569226264954,,
