epoch,lr-Adam,step,test_accuracy,test_loss,val_accuracy,val_loss
,0.001,0,,,,
0,,999,,,0.82098388671875,0.41900092363357544
,0.001,1000,,,,
1,,1999,,,0.734619140625,0.5660130381584167
2,,2000,0.77947998046875,0.6174224615097046,,
