epoch,lr-Adam,step,test_accuracy,test_loss,val_accuracy,val_loss
,0.001,0,,,,
0,,999,,,0.75799560546875,0.48770466446876526
,0.001,1000,,,,
1,,1999,,,0.765289306640625,0.48597174882888794
2,,2000,0.756195068359375,0.508161187171936,,
