epoch,lr-Adam,step,val_accuracy,val_loss
,0.001,0,,
0,,49,0.74169921875,0.5396749973297119
,0.001,50,,
,0.001,100,,
,0.001,150,,
